iso_alpha_3,year,frac_trns_mtkm_dem_freight_rail_freight
ABW,2011,0.16546762587339678
ABW,2012,0.16546762585922783
ABW,2013,0.36822066546373017
ABW,2014,0.3682225551443141
ABW,2015,0.36821635962439486
ABW,2016,0.3682188964140265
ABW,2017,0.36822145389657596
ABW,2018,0.36822406232232885
ABW,2019,0.36822066546373017
ABW,2020,0.36822066546373017
ABW,2021,0.16546762595465286
AFG,2011,0.1654676258572438
AFG,2012,0.16546762586887806
AFG,2013,0.165467625854598
AFG,2014,0.16546762586944921
AFG,2015,0.1654676259484499
AFG,2016,0.16546762593774486
AFG,2017,0.16546762589671785
AFG,2018,0.16546762594127112
AFG,2019,0.1654676259423855
AFG,2020,0.16546762594878212
AFG,2021,0.16546762587674885
AGO,2011,0.36414200669775704
AGO,2012,0.3393751716249357
AGO,2013,0.3234921694825788
AGO,2014,0.3126109735735245
AGO,2015,0.30478043937401716
AGO,2016,0.32137566355885405
AGO,2017,0.3399817048674929
AGO,2018,0.3609786994250023
AGO,2019,0.38490399809181275
AGO,2020,0.41239501181421945
AGO,2021,0.3024293547684105
ALB,2011,0.005639203744431286
ALB,2012,0.0033465410152066825
ALB,2013,0.002840909090909091
ALB,2014,0.004892547585863592
ALB,2015,0.002843117340985577
ALB,2016,0.0010841639782035472
ALB,2017,0.003109701798571615
ALB,2018,0.0025091654238033356
ALB,2019,0.005272073743857812
ALB,2020,0.003200200304640708
ALB,2021,0.0030870581361389714
ARE,2011,0.20464838717474912
ARE,2012,0.20412670309173986
ARE,2013,0.20341966145908605
ARE,2014,0.2027666908169478
ARE,2015,0.20225928206508684
ARE,2016,0.2022151683697832
ARE,2017,0.20220686607740132
ARE,2018,0.20222047244905741
ARE,2019,0.20222887084052746
ARE,2020,0.2022123197367639
ARE,2021,0.20412217896619392
ARG,2011,0.016852240523835254
ARG,2012,0.014016403998756864
ARG,2013,0.012381033035821484
ARG,2014,0.010854525280742846
ARG,2015,0.009714756556690239
ARG,2016,0.01025076043563841
ARG,2017,0.01031743211959543
ARG,2018,0.22419790049497507
ARG,2019,0.22617516888644457
ARG,2020,0.22823764383602393
ARG,2021,0.22489391669800732
ARM,2011,0.1517461970469
ARM,2012,0.13930396220958258
ARM,2013,0.13653136531365315
ARM,2014,0.12433659466428328
ARM,2015,0.114463541573516
ARM,2016,0.10967489228358793
ARM,2017,0.1058014459530947
ARM,2018,0.5093182331800113
ARM,2019,0.5095792016411151
ARM,2020,0.5098377417739821
ARM,2021,0.5100844047656663
AUS,2011,0.2562086430778498
AUS,2012,0.26832226687022537
AUS,2013,0.2787818167052136
AUS,2014,0.2950653620568803
AUS,2015,0.3046697846416652
AUS,2016,0.3074268780743
AUS,2017,0.3108628144490668
AUS,2018,0.2918279026470818
AUS,2019,0.2894469930009537
AUS,2020,0.28933104117024105
AUS,2021,0.2874798832727824
AUT,2011,0.20730179105775248
AUT,2012,0.20696095200107886
AUT,2013,0.20689325454385724
AUT,2014,0.20870315553956112
AUT,2015,0.20677350832196315
AUT,2016,0.20491062011134112
AUT,2017,0.2080008678884811
AUT,2018,0.20664837704577688
AUT,2019,0.20349821736230994
AUT,2020,0.20004923105500153
AUT,2021,0.20328971647382132
AZE,2011,0.06678607852919091
AZE,2012,0.0700637757822665
AZE,2013,0.06740389143552164
AZE,2014,0.061421007634503755
AZE,2015,0.05269678558093751
AZE,2016,0.04503652712166975
AZE,2017,0.039359074887584944
AZE,2018,0.03762405594358737
AZE,2019,0.04441237650178399
AZE,2020,0.05313671691389469
AZE,2021,0.056428328804347824
BDI,2011,0.16546762585951064
BDI,2012,0.1654676259369194
BDI,2013,0.16546762587187247
BDI,2014,0.16546762589786626
BDI,2015,0.1654676258571781
BDI,2016,0.16546762592142394
BDI,2017,0.1654676258781235
BDI,2018,0.1654676258600848
BDI,2019,0.1654676259367772
BDI,2020,0.1654676259340205
BDI,2021,0.16546762586464037
BEL,2011,0.06449211974274403
BEL,2012,0.2067412864102092
BEL,2013,0.2063469985246696
BEL,2014,0.20611202688673932
BEL,2015,0.180531939392173
BEL,2016,0.18044655459598066
BEL,2017,0.16678117028904976
BEL,2018,0.16689370131755782
BEL,2019,0.16695871615140756
BEL,2020,0.16705368485759084
BEL,2021,0.18857361241858292
BEN,2011,0.1654676258600275
BEN,2012,0.16546762591669736
BEN,2013,0.16546762583747424
BEN,2014,0.16546762592744851
BEN,2015,0.16546762595376163
BEN,2016,0.1654676258947308
BEN,2017,0.1654676258728282
BEN,2018,0.16546762589694328
BEN,2019,0.16546762584770855
BEN,2020,0.1654676258814892
BEN,2021,0.16546762585269764
BFA,2011,0.16546762593401423
BFA,2012,0.16546762590731828
BFA,2013,0.1654676258696096
BFA,2014,0.165467625901126
BFA,2015,0.16546762592283307
BFA,2016,0.16546762592289832
BFA,2017,0.16546762590074912
BFA,2018,0.16546762592934622
BFA,2019,0.1654676259343012
BFA,2020,0.1654676258554821
BFA,2021,0.16546762591099912
BGD,2011,0.39744068213540434
BGD,2012,0.3938390471008735
BGD,2013,0.3906481959393279
BGD,2014,0.38780915666364196
BGD,2015,0.38526682223233033
BGD,2016,0.38134408140470916
BGD,2017,0.377854685420279
BGD,2018,0.3747335515372949
BGD,2019,0.37192784043176863
BGD,2020,0.3693937556423606
BGD,2021,0.36621685565155626
BGR,2011,0.056212833299314126
BGR,2012,0.044708197527827315
BGR,2013,0.04494957712639818
BGR,2014,0.046524904826197894
BGR,2015,0.04304077789425647
BGR,2016,0.03749622608237049
BGR,2017,0.04265361703974566
BGR,2018,0.05217391304347826
BGR,2019,0.06684772114480664
BGR,2020,0.05177927288240252
BGR,2021,0.04994986783337891
BHR,2011,0.2808340276845382
BHR,2012,0.27107364298599623
BHR,2013,0.26240943025379054
BHR,2014,0.25498150807097403
BHR,2015,0.24873794564865404
BHR,2016,0.24702783559401026
BHR,2017,0.24567096997200413
BHR,2018,0.24449613274510526
BHR,2019,0.2432808020707651
BHR,2020,0.24188049573136355
BHR,2021,0.2428035770743245
BIH,2011,0.16177218408339689
BIH,2012,0.14450867052023122
BIH,2013,0.135719433101129
BIH,2014,0.12863216881870015
BIH,2015,0.1191921626055444
BIH,2016,0.09628112063805212
BIH,2017,0.09082047024767684
BIH,2018,0.09405905315417325
BIH,2019,0.09811465948441708
BIH,2020,0.0930782035906707
BIH,2021,0.4669370534451992
BLR,2011,0.21154560469968134
BLR,2012,0.20810736826882353
BLR,2013,0.19037407040686385
BLR,2014,0.1928229512320387
BLR,2015,0.18549821062563404
BLR,2016,0.1861167844677355
BLR,2017,0.20215027789520154
BLR,2018,0.20835166228753274
BLR,2019,0.20199789558462478
BLR,2020,0.18986491930069554
BLR,2021,0.23379981085977938
BLZ,2011,0.16546762586665653
BLZ,2012,0.16546762593989073
BLZ,2013,0.1654676259100279
BLZ,2014,0.16546762594749517
BLZ,2015,0.1654676258666855
BLZ,2016,0.16546762595511608
BLZ,2017,0.1654676259291326
BLZ,2018,0.16546762594337833
BLZ,2019,0.16546762586629266
BLZ,2020,0.16546762589689104
BLZ,2021,0.16546762587328803
BOL,2011,0.16546762593292716
BOL,2012,0.16546762593876196
BOL,2013,0.16546762589714298
BOL,2014,0.16546762588216166
BOL,2015,0.165467625896148
BOL,2016,0.16546762584649255
BOL,2017,0.1654676259367333
BOL,2018,0.16546762592942693
BOL,2019,0.16546762594556386
BOL,2020,0.1654676258940758
BOL,2021,0.16546762595852313
BRA,2011,0.24258875770295485
BRA,2012,0.23986038834259402
BRA,2013,0.2373838766929677
BRA,2014,0.23512853063270373
BRA,2015,0.23306375391788456
BRA,2016,0.2342545039311073
BRA,2017,0.23545426498473168
BRA,2018,0.23665544643933717
BRA,2019,0.23785175663975475
BRA,2020,0.23903570830870632
BRA,2021,0.23776170674547556
BRB,2011,0.16546762587956612
BRB,2012,0.16546762592986203
BRB,2013,0.165467625880228
BRB,2014,0.16546762587826833
BRB,2015,0.16546762586366104
BRB,2016,0.1654676258996395
BRB,2017,0.16546762589793446
BRB,2018,0.16546762596129813
BRB,2019,0.16546762588267494
BRB,2020,0.1654676258911115
BRB,2021,0.16546762590744485
BRN,2011,0.20808382277080462
BRN,2012,0.2077948136541607
BRN,2013,0.2074984660849509
BRN,2014,0.20720366598424772
BRN,2015,0.20691945169283157
BRN,2016,0.20686471139639295
BRN,2017,0.20681945600465018
BRN,2018,0.2067851920014235
BRN,2019,0.2067580467165602
BRN,2020,0.20673879895078587
BRN,2021,0.20561217699185472
BTN,2011,0.16546762585846567
BTN,2012,0.1654676259424294
BTN,2013,0.16546762592064984
BTN,2014,0.16546762588723862
BTN,2015,0.16546762590757363
BTN,2016,0.16546762589308864
BTN,2017,0.16546762587799055
BTN,2018,0.1654676259549167
BTN,2019,0.16546762590100642
BTN,2020,0.16546762586633465
BTN,2021,0.16546762592877845
BWA,2011,0.2763471818503858
BWA,2012,0.27639984153675634
BWA,2013,0.27645229663091575
BWA,2014,0.27650354105550934
BWA,2015,0.2765531733056173
BWA,2016,0.2765665359441326
BWA,2017,0.27657890250609957
BWA,2018,0.2765906146754744
BWA,2019,0.2818984878250419
BWA,2020,0.2793421383122778
BWA,2021,0.26931370167159546
CAF,2011,0.1654676258390342
CAF,2012,0.16546762585615063
CAF,2013,0.16546762584706293
CAF,2014,0.16546762590508285
CAF,2015,0.16546762592085174
CAF,2016,0.16546762586269714
CAF,2017,0.16546762584368546
CAF,2018,0.1654676259209009
CAF,2019,0.16546762587579045
CAF,2020,0.16546762585009947
CAF,2021,0.16546762594814576
CAN,2011,0.25722194325977843
CAN,2012,0.22622792807668432
CAN,2013,0.22663189514697574
CAN,2014,0.23044810032122165
CAN,2015,0.2245715710425084
CAN,2016,0.31530701598484034
CAN,2017,0.3247694661269266
CAN,2018,0.3459375120184618
CAN,2019,0.3715154502889057
CAN,2020,0.3692727534126173
CAN,2021,0.34904399713864737
CHE,2011,0.16803715558158017
CHE,2012,0.16533169422506155
CHE,2013,0.17123618091492823
CHE,2014,0.17385851067299485
CHE,2015,0.17731724510960434
CHE,2016,0.17917444928120324
CHE,2017,0.17001635802037143
CHE,2018,0.1690881510694009
CHE,2019,0.17081048358464804
CHE,2020,0.16627152988314237
CHE,2021,0.041864677002443555
CHL,2011,0.01901144955408252
CHL,2012,0.01737311225854592
CHL,2013,0.015671919016893177
CHL,2014,0.015040317683317265
CHL,2015,0.01402229645289607
CHL,2016,0.013733809992893219
CHL,2017,0.013876260665636294
CHL,2018,0.013661098882040663
CHL,2019,0.010913201417588586
CHL,2020,0.012606655246353113
CHL,2021,0.21430370971467957
CHN,2011,0.12277906685744101
CHN,2012,0.11124723750409643
CHN,2013,0.11542350371473942
CHN,2014,0.10355273967037894
CHN,2015,0.09141279355031123
CHN,2016,0.0877039777410465
CHN,2017,0.09269737669951379
CHN,2018,0.094652049201594
CHN,2019,0.10445774517736912
CHN,2020,0.20718986690273616
CHN,2021,0.204759197325013
CMR,2011,0.1654676259204265
CMR,2012,0.16546762592496891
CMR,2013,0.16546762592328695
CMR,2014,0.16546762585671962
CMR,2015,0.16546762584882088
CMR,2016,0.16546762589200276
CMR,2017,0.16546762589960445
CMR,2018,0.16546762585873967
CMR,2019,0.16546762591395214
CMR,2020,0.16546762593059078
CMR,2021,0.16546762585296979
COL,2011,0.2569536753350243
COL,2012,0.2530215111578299
COL,2013,0.24956485761007655
COL,2014,0.24661356562546446
COL,2015,0.24415307832146751
COL,2016,0.24461607037774416
COL,2017,0.24524714343496185
COL,2018,0.24590122960147448
COL,2019,0.24638371089921268
COL,2020,0.2465671281523617
COL,2021,0.24782070455577349
COM,2011,0.16546762589473038
COM,2012,0.16546762592314648
COM,2013,0.1654676258961231
COM,2014,0.1654676258491305
COM,2015,0.16546762588525646
COM,2016,0.16546762588070366
COM,2017,0.16546762595260217
COM,2018,0.16546762591154413
COM,2019,0.16546762585644564
COM,2020,0.16546762589296135
COM,2021,0.16546762586451297
CPV,2011,0.16546762584849758
CPV,2012,0.16546762595560707
CPV,2013,0.1654676259587396
CPV,2014,0.16546762588215172
CPV,2015,0.16546762592131029
CPV,2016,0.1654676258929871
CPV,2017,0.1654676259433299
CPV,2018,0.16546762589261843
CPV,2019,0.16546762586569613
CPV,2020,0.16546762590557113
CPV,2021,0.16546762592718897
CRI,2011,0.26455017786025575
CRI,2012,0.2570118958398465
CRI,2013,0.2502930558272835
CRI,2014,0.24426574650725855
CRI,2015,0.23882922295822362
CRI,2016,0.23652229931912905
CRI,2017,0.23428136593855983
CRI,2018,0.23210267547755606
CRI,2019,0.22998092915933888
CRI,2020,0.22791369168669703
CRI,2021,0.22845652840563385
CUB,2011,0.19860949297531008
CUB,2012,0.19569111871391434
CUB,2013,0.19305063905740588
CUB,2014,0.19064376755289858
CUB,2015,0.1884301235511732
CUB,2016,0.18821121707558147
CUB,2017,0.18797924074802777
CUB,2018,0.1877378437886338
CUB,2019,0.18749272330780303
CUB,2020,0.1872491401877914
CUB,2021,0.18481965677498446
CYP,2011,0.27405625191504734
CYP,2012,0.2740783793780401
CYP,2013,0.274100612137744
CYP,2014,0.27412276614180103
CYP,2015,0.27414470880168135
CYP,2016,0.2741780785833704
CYP,2017,0.27421110575010105
CYP,2018,0.281533195245865
CYP,2019,0.27643325159481313
CYP,2020,0.27168862412287176
CYP,2021,0.2682556040369342
DEU,2011,0.10322208959166536
DEU,2012,0.10418249029245227
DEU,2013,0.1059025220610443
DEU,2014,0.10510619578053232
DEU,2015,0.10725941332492543
DEU,2016,0.1152847976349406
DEU,2017,0.11736758095085482
DEU,2018,0.11685978015556868
DEU,2019,0.11695943331858287
DEU,2020,0.10489359943196332
DEU,2021,0.1145512310156678
DJI,2011,0.1654676258596337
DJI,2012,0.16546762589009667
DJI,2013,0.16546762585749
DJI,2014,0.16546762586845684
DJI,2015,0.16546762588373007
DJI,2016,0.1654676258869205
DJI,2017,0.16546762585295033
DJI,2018,0.16546762588300185
DJI,2019,0.16546762594098838
DJI,2020,0.16546762594237235
DJI,2021,0.1654676258861829
DNK,2011,0.06648838011869636
DNK,2012,0.058498168042171866
DNK,2013,0.06312281498155169
DNK,2014,0.061191307685887354
DNK,2015,0.06705222147382961
DNK,2016,0.06451606791475031
DNK,2017,0.06323216579292389
DNK,2018,0.05808988046633107
DNK,2019,0.229936754682676
DNK,2020,0.22706083966527332
DNK,2021,0.22396214608975937
DOM,2011,0.2119200587700199
DOM,2012,0.20590910721781586
DOM,2013,0.20083726753881104
DOM,2014,0.1965012094562894
DOM,2015,0.19275120219631986
DOM,2016,0.18930236700240757
DOM,2017,0.18628167758507766
DOM,2018,0.18360568508160022
DOM,2019,0.1812160533976962
DOM,2020,0.17906752644665877
DOM,2021,0.17733804320065383
DZA,2011,0.2741427136834196
DZA,2012,0.27028503607565113
DZA,2013,0.26713142223247166
DZA,2014,0.2645208296352239
DZA,2015,0.2623234420159387
DZA,2016,0.26494421028219795
DZA,2017,0.26758321981884103
DZA,2018,0.27019476951757065
DZA,2019,0.2727136118945542
DZA,2020,0.27509370028721436
DZA,2021,0.2638386064163533
ECU,2011,0.20674050335145233
ECU,2012,0.20473337333990768
ECU,2013,0.20286665966345824
ECU,2014,0.2011631670714989
ECU,2015,0.19962984881690782
ECU,2016,0.20157480153595123
ECU,2017,0.20374309416045164
ECU,2018,0.20613375070888953
ECU,2019,0.20869008622944968
ECU,2020,0.21136307811784394
ECU,2021,0.20308958343456607
ESP,2011,0.01980887011179529
ESP,2012,0.020070492528604194
ESP,2013,0.02065798528399767
ESP,2014,0.022255247360929004
ESP,2015,0.02184026227706752
ESP,2016,0.020758573345398944
ESP,2017,0.01936292351212141
ESP,2018,0.019278038184520407
ESP,2019,0.017995278798640074
ESP,2020,0.01626320515107868
ESP,2021,0.004891120263280724
EST,2011,0.25733513890598714
EST,2012,0.23479056992446784
EST,2013,0.22045847145058126
EST,2014,0.1704979839765408
EST,2015,0.16610657705232837
EST,2016,0.1291337713244631
EST,2017,0.13653179869634152
EST,2018,0.15481945687854373
EST,2019,0.1550248183583915
EST,2020,0.1438316279843607
EST,2021,0.14445726698798453
ETH,2011,0.20570846183839855
ETH,2012,0.20795175520598097
ETH,2013,0.20996930568021083
ETH,2014,0.2118159585535776
ETH,2015,0.23380785825585912
ETH,2016,0.22692354740302112
ETH,2017,0.22156937398967613
ETH,2018,0.21730211671906208
ETH,2019,0.21383797733791443
ETH,2020,0.2109845399257717
ETH,2021,0.20861587237769547
FIN,2011,0.12252217005738132
FIN,2012,0.12805467347784066
FIN,2013,0.13563643134390352
FIN,2014,0.14082770766069858
FIN,2015,0.12413146090474655
FIN,2016,0.12625352187904765
FIN,2017,0.1310517529215359
FIN,2018,0.13612112648606509
FIN,2019,0.126226002310661
FIN,2020,0.1231355973376087
FIN,2021,0.12936886192952052
FJI,2011,0.165467625844228
FJI,2012,0.16546762587771152
FJI,2013,0.16546762590167602
FJI,2014,0.1654676259188041
FJI,2015,0.16546762586936328
FJI,2016,0.16546762594346973
FJI,2017,0.16546762591668193
FJI,2018,0.16546762585858016
FJI,2019,0.16546762585406194
FJI,2020,0.16546762588712235
FJI,2021,0.1654676259295874
FRA,2011,0.06618621319542545
FRA,2012,0.06742578141084148
FRA,2013,0.06761505916330024
FRA,2014,0.07069004999304628
FRA,2015,0.08052028030170903
FRA,2016,0.07703559656316185
FRA,2017,0.07464097157671222
FRA,2018,0.070987209036634
FRA,2019,0.06965108112953491
FRA,2020,0.06750758504176761
FRA,2021,0.07336995054720036
GAB,2011,0.16546762590814257
GAB,2012,0.16546762590715475
GAB,2013,0.16546762594159783
GAB,2014,0.16546762595568001
GAB,2015,0.16546762589218422
GAB,2016,0.16546762590799965
GAB,2017,0.16546762590090425
GAB,2018,0.16546762594318964
GAB,2019,0.1654676258751145
GAB,2020,0.16546762586189345
GAB,2021,0.16546762588753647
GBR,2011,0.05324713195696952
GBR,2012,0.0546484828530418
GBR,2013,0.008625461740524974
GBR,2014,0.008338279491029714
GBR,2015,0.007067154090964031
GBR,2016,0.006189455344726202
GBR,2017,0.006209714440157533
GBR,2018,0.006177200233815215
GBR,2019,0.00601888766647678
GBR,2020,0.005431936666191043
GBR,2021,0.17475949306398317
GEO,2011,0.5237168936106539
GEO,2012,0.522355248769939
GEO,2013,0.5175339684347361
GEO,2014,0.5109404561792757
GEO,2015,0.5000754009305121
GEO,2016,0.48301682814717717
GEO,2017,0.469758205787449
GEO,2018,0.4563783004080038
GEO,2019,0.4664292064044985
GEO,2020,0.46488117928799894
GEO,2021,0.4749675130753514
GHA,2011,0.16546762595023068
GHA,2012,0.16546762588088929
GHA,2013,0.16546762591545497
GHA,2014,0.16546762592386358
GHA,2015,0.16546762590940015
GHA,2016,0.16546762587907313
GHA,2017,0.1654676258915739
GHA,2018,0.16546762592160139
GHA,2019,0.16546762590244013
GHA,2020,0.1654676258763688
GHA,2021,0.16546762590622358
GIN,2011,0.16546762589671082
GIN,2012,0.1654676259052194
GIN,2013,0.16546762587380145
GIN,2014,0.1654676258933208
GIN,2015,0.16546762586353866
GIN,2016,0.1654676258944021
GIN,2017,0.1654676259026672
GIN,2018,0.16546762591174177
GIN,2019,0.16546762589099703
GIN,2020,0.16546762586190422
GIN,2021,0.1654676259414879
GNB,2011,0.16546762584079538
GNB,2012,0.16546762595356576
GNB,2013,0.16546762587513178
GNB,2014,0.16546762592560396
GNB,2015,0.16546762591244926
GNB,2016,0.1654676259358919
GNB,2017,0.16546762588044595
GNB,2018,0.16546762595798686
GNB,2019,0.16546762594557812
GNB,2020,0.1654676259046588
GNB,2021,0.16546762594908498
GNQ,2011,0.16546762586279673
GNQ,2012,0.16546762588779515
GNQ,2013,0.1654676259250557
GNQ,2014,0.1654676258602127
GNQ,2015,0.1654676258862909
GNQ,2016,0.16546762588459132
GNQ,2017,0.1654676259076153
GNQ,2018,0.16546762590056588
GNQ,2019,0.16546762590972697
GNQ,2020,0.16546762593181594
GNQ,2021,0.16546762589436667
GRC,2011,0.0073656501232490885
GRC,2012,0.005944416554464929
GRC,2013,0.005322682005532905
GRC,2014,0.007621917345528401
GRC,2015,0.0063731408962717125
GRC,2016,0.004450503047017638
GRC,2017,0.005409096952774655
GRC,2018,0.005975386679281372
GRC,2019,0.007441378306942458
GRC,2020,0.009301686370599298
GRC,2021,0.01163734885515822
GTM,2011,0.24759721388093803
GTM,2012,0.2427392798652158
GTM,2013,0.23838920631636895
GTM,2014,0.23446331064152814
GTM,2015,0.23089782857366947
GTM,2016,0.22722347893368744
GTM,2017,0.22389090203941553
GTM,2018,0.22085932334066474
GTM,2019,0.21807330183560636
GTM,2020,0.21550535599505513
GTM,2021,0.21594298168418974
GUY,2011,0.1654676258421715
GUY,2012,0.16546762595846579
GUY,2013,0.16546762587748723
GUY,2014,0.16546762588125116
GUY,2015,0.16546762586781447
GUY,2016,0.1654676259369002
GUY,2017,0.16546762591441136
GUY,2018,0.16546762591957123
GUY,2019,0.16546762595450554
GUY,2020,0.1654676259171431
GUY,2021,0.16546762589928057
HND,2011,0.16546762593883274
HND,2012,0.1654676259377347
HND,2013,0.16546762588966793
HND,2014,0.1654676259331159
HND,2015,0.16546762587301536
HND,2016,0.16546762587744118
HND,2017,0.16546762583999422
HND,2018,0.1654676258645398
HND,2019,0.16546762594259495
HND,2020,0.16546762588357788
HND,2021,0.16546762590528943
HRV,2011,0.09706959706959707
HRV,2012,0.09647526063213635
HRV,2013,0.08375828146958442
HRV,2014,0.08353043204036581
HRV,2015,0.07773662844526744
HRV,2016,0.07208890965524146
HRV,2017,0.08104558814333063
HRV,2018,0.08080956870139053
HRV,2019,0.08693964101185676
HRV,2020,0.09616963866729235
HRV,2021,0.08615819209039548
HTI,2011,0.1654676259238773
HTI,2012,0.16546762595403294
HTI,2013,0.1654676258968963
HTI,2014,0.1654676258871314
HTI,2015,0.16546762586630598
HTI,2016,0.16546762589299738
HTI,2017,0.1654676259315409
HTI,2018,0.16546762588282868
HTI,2019,0.16546762591424194
HTI,2020,0.16546762593059308
HTI,2021,0.1654676259455699
HUN,2011,0.0837110874958973
HUN,2012,0.08564448168386515
HUN,2013,0.08565608579353025
HUN,2014,0.08578935411375915
HUN,2015,0.08381185061072151
HUN,2016,0.08406760992815662
HUN,2017,0.08848535943417561
HUN,2018,0.08661296778267247
HUN,2019,0.08701978313325569
HUN,2020,0.10461812443883373
HUN,2021,0.09501121567247985
IDN,2011,0.2895739663147295
IDN,2012,0.2832012673857479
IDN,2013,0.2778319411209571
IDN,2014,0.27323773121926326
IDN,2015,0.2692408673966689
IDN,2016,0.26640246598937384
IDN,2017,0.26384111697358825
IDN,2018,0.2615207041933275
IDN,2019,0.2594066825734119
IDN,2020,0.2574774393099014
IDN,2021,0.24941860250418746
IND,2011,0.12642888564199037
IND,2012,0.11870829556037604
IND,2013,0.11385349460734909
IND,2014,0.10851739239370298
IND,2015,0.0978472521230004
IND,2016,0.087607520746941
IND,2017,0.08555929389036543
IND,2018,0.23145459576417785
IND,2019,0.230132124619233
IND,2020,0.2289537344945192
IND,2021,0.22653698011102272
IRL,2011,0.004309121766512652
IRL,2012,0.0037558431040005426
IRL,2013,0.004398785130619523
IRL,2014,0.004172453491788461
IRL,2015,0.003966264550649441
IRL,2016,0.0035888895135980825
IRL,2017,0.003501761456835914
IRL,2018,0.003178761251932458
IRL,2019,0.0024061776408474157
IRL,2020,0.0026857328288059754
IRL,2021,0.002327360472916743
IRQ,2011,0.43595237082662297
IRQ,2012,0.41828226284894304
IRQ,2013,0.40453962623434214
IRQ,2014,0.4011288302618557
IRQ,2015,0.3632576061901349
IRQ,2016,0.3709288588293921
IRQ,2017,0.37754661237652626
IRQ,2018,0.3834994462935817
IRQ,2019,0.3894458105921896
IRQ,2020,0.3958842572070118
IRQ,2021,0.40581919025659585
ISL,2011,0.8966388590549644
ISL,2012,0.8973740377167153
ISL,2013,0.89376933177385
ISL,2014,0.8901455550489268
ISL,2015,0.8829540085600126
ISL,2016,0.8679093729673212
ISL,2017,0.858218990397706
ISL,2018,0.8544496126729484
ISL,2019,0.854599574766836
ISL,2020,0.8827367330693944
ISL,2021,0.558660320781586
ISR,2011,0.005090190355946635
ISR,2012,0.004416295149200123
ISR,2013,0.004369722552977959
ISR,2014,0.0045649525948631645
ISR,2015,0.004305277649148154
ISR,2016,0.005042445017727701
ISR,2017,0.004786267824846754
ISR,2018,0.004142041116594948
ISR,2019,0.004029475310766789
ISR,2020,0.003930075400918557
ISR,2021,0.003240492529659748
ITA,2011,0.05084660091616391
ITA,2012,0.05801534624552501
ITA,2013,0.05411596858139832
ITA,2014,0.05956088601600371
ITA,2015,0.06191774407931216
ITA,2016,0.06730319351401091
ITA,2017,0.06303908507947976
ITA,2018,0.06073907099025636
ITA,2019,0.05510203880569035
ITA,2020,0.056346823605074425
ITA,2021,0.05946612352541808
JAM,2011,0.1654676258871113
JAM,2012,0.16546762587402414
JAM,2013,0.1654676258589824
JAM,2014,0.16546762592186626
JAM,2015,0.16546762591950015
JAM,2016,0.16546762586108038
JAM,2017,0.16546762591656927
JAM,2018,0.16546762593326003
JAM,2019,0.1654676259388022
JAM,2020,0.16546762591459113
JAM,2021,0.16546762586706332
JOR,2011,0.16546762587032926
JOR,2012,0.16546762596132297
JOR,2013,0.16546762595018527
JOR,2014,0.165467625847755
JOR,2015,0.1654676259328348
JOR,2016,0.1654676258751172
JOR,2017,0.16546762594601647
JOR,2018,0.16546762590249894
JOR,2019,0.16546762588819253
JOR,2020,0.16546762590790504
JOR,2021,0.1654676258795516
JPN,2011,0.02928788180571991
JPN,2012,0.032053801407667795
JPN,2013,0.03216033309625053
JPN,2014,0.032593297519815746
JPN,2015,0.03404630322553085
JPN,2016,0.0330409138652198
JPN,2017,0.03353831291278459
JPN,2018,0.030322765478794103
JPN,2019,0.03136954018119114
JPN,2020,0.029707910014513787
JPN,2021,0.17158767025059496
KAZ,2011,0.27874180194675463
KAZ,2012,0.27624497827179023
KAZ,2013,0.26329685774982053
KAZ,2014,0.24924891539751373
KAZ,2015,0.2592635268738108
KAZ,2016,0.2591097238763245
KAZ,2017,0.2671815643981502
KAZ,2018,0.26879893451801234
KAZ,2019,0.26735391058740865
KAZ,2020,0.2498084306682546
KAZ,2021,0.21169839664744075
KEN,2011,0.1654676259113094
KEN,2012,0.16546762589331568
KEN,2013,0.16546762591407807
KEN,2014,0.16546762587577585
KEN,2015,0.16546762592408465
KEN,2016,0.16546762588911998
KEN,2017,0.1654676259104607
KEN,2018,0.16546762594157768
KEN,2019,0.16546762586164743
KEN,2020,0.1654676258992806
KEN,2021,0.16546762593073608
KHM,2011,0.26333392640071934
KHM,2012,0.2634622848554848
KHM,2013,0.26358685169744694
KHM,2014,0.26370806212972325
KHM,2015,0.26382649519025486
KHM,2016,0.263968429238888
KHM,2017,0.264107196306131
KHM,2018,0.26424248607460843
KHM,2019,0.26437458044202283
KHM,2020,0.26450355999781583
KHM,2021,0.2648698613580102
KWT,2011,0.27657657928289836
KWT,2012,0.24695338021052274
KWT,2013,0.23317683568212297
KWT,2014,0.22490105215463074
KWT,2015,0.21925413227765347
KWT,2016,0.22328844111808746
KWT,2017,0.22808306259872652
KWT,2018,0.23387390828235663
KWT,2019,0.24127017041067422
KWT,2020,0.25146800442013373
KWT,2021,0.2189056189583582
LBN,2011,0.23307704785078923
LBN,2012,0.22137968011824224
LBN,2013,0.2127187469115782
LBN,2014,0.205549493881838
LBN,2015,0.19921632347512694
LBN,2016,0.19820407558685796
LBN,2017,0.19678718362700517
LBN,2018,0.19508685661421776
LBN,2019,0.19326695557541562
LBN,2020,0.1914420984769226
LBN,2021,0.18139955805734637
LBR,2011,0.16546762591451164
LBR,2012,0.16546762593836428
LBR,2013,0.16546762594139403
LBR,2014,0.1654676259336657
LBR,2015,0.16546762589591466
LBR,2016,0.16546762591317932
LBR,2017,0.1654676259587202
LBR,2018,0.16546762589099212
LBR,2019,0.1654676258379774
LBR,2020,0.16546762586169808
LBR,2021,0.16546762595799303
LBY,2011,0.18016808937425421
LBY,2012,0.17756332030132913
LBY,2013,0.17528356933243172
LBY,2014,0.1732896146503988
LBY,2015,0.17154214849720387
LBY,2016,0.17131427176488181
LBY,2017,0.1711128435341482
LBY,2018,0.17092935418960548
LBY,2019,0.17075130429631522
LBY,2020,0.1705700255149785
LBY,2021,0.16895383355235105
LKA,2011,0.1828101055135698
LKA,2012,0.17921714115822263
LKA,2013,0.1762721645913513
LKA,2014,0.17377708094970984
LKA,2015,0.1716247567552525
LKA,2016,0.17062961315442102
LKA,2017,0.1697076349169571
LKA,2018,0.16884511638512859
LKA,2019,0.1680148422843079
LKA,2020,0.1672355134354441
LKA,2021,0.1660864929559433
LSO,2011,0.16546762595611975
LSO,2012,0.16546762593401698
LSO,2013,0.1654676258915712
LSO,2014,0.1654676259277055
LSO,2015,0.1654676258929633
LSO,2016,0.16546762587614072
LSO,2017,0.1654676259168505
LSO,2018,0.16546762593127098
LSO,2019,0.1654676258697903
LSO,2020,0.16546762592533865
LSO,2021,0.1654676259024524
LTU,2011,0.17778982315875058
LTU,2012,0.1624160243142702
LTU,2013,0.14517413498235368
LTU,2014,0.14582106012022825
LTU,2015,0.14968563989384648
LTU,2016,0.13333301103937384
LTU,2017,0.12249792777120369
LTU,2018,0.12106472427751032
LTU,2019,0.10127861037810013
LTU,2020,0.09679529183795742
LTU,2021,0.08748747690585276
LUX,2011,0.012107269831169514
LUX,2012,0.013642154254093892
LUX,2013,0.011810588993140159
LUX,2014,0.010397287252620612
LUX,2015,0.011455240720360995
LUX,2016,0.012201768476248367
LUX,2017,0.012963793806528099
LUX,2018,0.012551956945952458
LUX,2019,0.010035411175609152
LUX,2020,0.006668707782756652
LUX,2021,0.006155032205309338
LVA,2011,0.2677952173350186
LVA,2012,0.2688703865711126
LVA,2013,0.2535923527597903
LVA,2014,0.24643892520633762
LVA,2015,0.23771997050190147
LVA,2016,0.2236797882841845
LVA,2017,0.21269166013249668
LVA,2018,0.232405459621845
LVA,2019,0.21375844967838026
LVA,2020,0.15810456816983906
LVA,2021,0.14190323627064136
MAR,2011,0.1268167210975592
MAR,2012,0.4024784330852793
MAR,2013,0.446948806908319
MAR,2014,0.10523795695585862
MAR,2015,0.07726021605862737
MAR,2016,0.38419870574313586
MAR,2017,0.05810338826949835
MAR,2018,0.37965309556719656
MAR,2019,0.3776417465249752
MAR,2020,0.3758036384968755
MAR,2021,0.3395737061321155
MDG,2011,0.16546762588820685
MDG,2012,0.16546762590551944
MDG,2013,0.16546762589806602
MDG,2014,0.1654676259279251
MDG,2015,0.16546762588734631
MDG,2016,0.1654676258622517
MDG,2017,0.16546762591497371
MDG,2018,0.16546762595670955
MDG,2019,0.16546762589121178
MDG,2020,0.16546762589602734
MDG,2021,0.16546762588437172
MDV,2011,0.16546762593198255
MDV,2012,0.1654676258881375
MDV,2013,0.16546762590590944
MDV,2014,0.1654676259076567
MDV,2015,0.16546762585648941
MDV,2016,0.16546762593507386
MDV,2017,0.1654676259350702
MDV,2018,0.1654676258881494
MDV,2019,0.16546762591178957
MDV,2020,0.16546762589826908
MDV,2021,0.16546762588333236
MEX,2011,0.10131497506459579
MEX,2012,0.09904213880402024
MEX,2013,0.09690696895966326
MEX,2014,0.0977723606925799
MEX,2015,0.09896470001610314
MEX,2016,0.09889622679552273
MEX,2017,0.09878858938042398
MEX,2018,0.09879633270615383
MEX,2019,0.1000378104705448
MEX,2020,0.10219996026317527
MEX,2021,0.10523569845284107
MKD,2011,0.022012564165016107
MKD,2012,0.019551697600410447
MKD,2013,0.023208251332682842
MKD,2014,0.016192067069038876
MKD,2015,0.011541064185753012
MKD,2016,0.008923152364836349
MKD,2017,0.010817333507764464
MKD,2018,0.012110383164582093
MKD,2019,0.014308783548987142
MKD,2020,0.013509803495562899
MKD,2021,0.013776278490324879
MLI,2011,0.1654676258981436
MLI,2012,0.16546762593814096
MLI,2013,0.16546762593209094
MLI,2014,0.16546762590169872
MLI,2015,0.16546762589324687
MLI,2016,0.16546762590568037
MLI,2017,0.16546762587411307
MLI,2018,0.16546762586607158
MLI,2019,0.16546762596470052
MLI,2020,0.16546762583739008
MLI,2021,0.16546762588741878
MLT,2011,0.16546762594314673
MLT,2012,0.16546762593095393
MLT,2013,0.16546762593866599
MLT,2014,0.1654676258387595
MLT,2015,0.16546762588478967
MLT,2016,0.1654676259113463
MLT,2017,0.16546762595081285
MLT,2018,0.16546762585756536
MLT,2019,0.1654676259036036
MLT,2020,0.16546762592393383
MLT,2021,0.16546762584601768
MMR,2011,0.16546762585791897
MMR,2012,0.16546762592538136
MMR,2013,0.16546762588953365
MMR,2014,0.16546762588601985
MMR,2015,0.16546762587226174
MMR,2016,0.16546762587063563
MMR,2017,0.16546762587955036
MMR,2018,0.16546762585978028
MMR,2019,0.16546762587295885
MMR,2020,0.1654676258636151
MMR,2021,0.16546762591964345
MNE,2011,0.2484472049689441
MNE,2012,0.21301429822001752
MNE,2013,0.2654196157735086
MNE,2014,0.1892109500805153
MNE,2015,0.1932367149758454
MNE,2016,0.2089942153386826
MNE,2017,0.2701406649616368
MNE,2018,0.5964074886005263
MNE,2019,0.596412653935375
MNE,2020,0.5964179144460359
MNE,2021,0.5964177806917581
MNG,2011,0.16546762593416675
MNG,2012,0.16546762586427588
MNG,2013,0.16546762591840558
MNG,2014,0.1654676258841246
MNG,2015,0.16546762588214495
MNG,2016,0.16546762590371134
MNG,2017,0.16546762588530228
MNG,2018,0.16546762588569922
MNG,2019,0.1654676259348926
MNG,2020,0.1654676258837141
MNG,2021,0.1654676258928882
MOZ,2011,0.16546762593467107
MOZ,2012,0.16546762588281522
MOZ,2013,0.1654676258881361
MOZ,2014,0.16546762591746672
MOZ,2015,0.16546762590136938
MOZ,2016,0.16546762594461206
MOZ,2017,0.16546762586780997
MOZ,2018,0.16546762589279346
MOZ,2019,0.16546762589489705
MOZ,2020,0.16546762592140074
MOZ,2021,0.16546762586884783
MRT,2011,0.16546762594653855
MRT,2012,0.16546762592467393
MRT,2013,0.1654676258505488
MRT,2014,0.16546762590933742
MRT,2015,0.1654676258669969
MRT,2016,0.1654676258784421
MRT,2017,0.1654676258614214
MRT,2018,0.16546762589497935
MRT,2019,0.1654676258565492
MRT,2020,0.16546762591416786
MRT,2021,0.16546762592923345
MUS,2011,0.1654676258666012
MUS,2012,0.16546762585614916
MUS,2013,0.1654676259249134
MUS,2014,0.16546762594771705
MUS,2015,0.16546762586108885
MUS,2016,0.16546762585235306
MUS,2017,0.1654676258637981
MUS,2018,0.1654676259629072
MUS,2019,0.16546762588794942
MUS,2020,0.16546762585685745
MUS,2021,0.1654676259490811
MWI,2011,0.16546762593367867
MWI,2012,0.1654676258478927
MWI,2013,0.16546762590461464
MWI,2014,0.16546762592291112
MWI,2015,0.16546762588305688
MWI,2016,0.16546762596272846
MWI,2017,0.16546762594270648
MWI,2018,0.1654676258756271
MWI,2019,0.16546762595517017
MWI,2020,0.1654676259265675
MWI,2021,0.1654676258466279
MYS,2011,0.2094485623800436
MYS,2012,0.20810874026522921
MYS,2013,0.2069145885185652
MYS,2014,0.20586591335537427
MYS,2015,0.20495243284821668
MYS,2016,0.20429567819952515
MYS,2017,0.20370912150839865
MYS,2018,0.20317966358534206
MYS,2019,0.20269211941184115
MYS,2020,0.20223518460219211
MYS,2021,0.20201789778602644
NAM,2011,0.16546762591915726
NAM,2012,0.16546762585999245
NAM,2013,0.16546762592073297
NAM,2014,0.16546762588557687
NAM,2015,0.1654676258649778
NAM,2016,0.16546762584426972
NAM,2017,0.16546762589963426
NAM,2018,0.16546762589157699
NAM,2019,0.16546762591302522
NAM,2020,0.1654676258586967
NAM,2021,0.1654676258431701
NCL,2011,0.20427116317499908
NCL,2012,0.20472558039880262
NCL,2013,0.20517666992123584
NCL,2014,0.20563659720292743
NCL,2015,0.20627856642572454
NCL,2016,0.20725920920508836
NCL,2017,0.20823596979660752
NCL,2018,0.2092090691493
NCL,2019,0.21017815832231576
NCL,2020,0.2111429616414394
NCL,2021,0.2114313004427314
NER,2011,0.16546762595451714
NER,2012,0.1654676259399577
NER,2013,0.16546762585497304
NER,2014,0.16546762587679673
NER,2015,0.1654676258698789
NER,2016,0.16546762587967984
NER,2017,0.16546762591417757
NER,2018,0.1654676259439984
NER,2019,0.16546762592950573
NER,2020,0.1654676258326782
NER,2021,0.1654676259093109
NGA,2011,0.19535757892701347
NGA,2012,0.1946993731558513
NGA,2013,0.19412804761695884
NGA,2014,0.1936314502734623
NGA,2015,0.1931994013265636
NGA,2016,0.19350487177898426
NGA,2017,0.19379698408771373
NGA,2018,0.19407604869904116
NGA,2019,0.19434261129161215
NGA,2020,0.19532878105614196
NGA,2021,0.1952607827100846
NIC,2011,0.1654676258796421
NIC,2012,0.16546762587927227
NIC,2013,0.16546762588620792
NIC,2014,0.16546762594212025
NIC,2015,0.16546762586011862
NIC,2016,0.1654676258734963
NIC,2017,0.16546762590255956
NIC,2018,0.16546762588100888
NIC,2019,0.16546762590732456
NIC,2020,0.16546762595543846
NIC,2021,0.1654676258382734
NLD,2011,0.037228704462360755
NLD,2012,0.03672142929291788
NLD,2013,0.03448159239275491
NLD,2014,0.0347903715187415
NLD,2015,0.03672438240155547
NLD,2016,0.03673743040376284
NLD,2017,0.03601702740341479
NLD,2018,0.03938839986920049
NLD,2019,0.03871688910146053
NLD,2020,0.0374995067584101
NLD,2021,0.038797206212770406
NOR,2011,0.053403861096168785
NOR,2012,0.05088646437095124
NOR,2013,0.049120501132582005
NOR,2014,0.04955452073968399
NOR,2015,0.04778134540477945
NOR,2016,0.052682348726004934
NOR,2017,0.05259252509210201
NOR,2018,0.053107526018674585
NOR,2019,0.051867109634551496
NOR,2020,0.05304937076476283
NOR,2021,0.0514152633464708
NPL,2011,0.1654676259262326
NPL,2012,0.16546762594602155
NPL,2013,0.16546762593928438
NPL,2014,0.16546762590099287
NPL,2015,0.1654676258578774
NPL,2016,0.16546762593403563
NPL,2017,0.1654676259355777
NPL,2018,0.16546762585273606
NPL,2019,0.16546762588991035
NPL,2020,0.16546762589399028
NPL,2021,0.16546762592116435
NZL,2011,0.07054012308863153
NZL,2012,0.07813124960944268
NZL,2013,0.07675398667233192
NZL,2014,0.06839179219932902
NZL,2015,0.06706591313159717
NZL,2016,0.0636160330444453
NZL,2017,0.052445296204639044
NZL,2018,0.058806323666965435
NZL,2019,0.06232163602617832
NZL,2020,0.0567781465463342
NZL,2021,0.024768055260590845
OMN,2011,0.19378170798777283
OMN,2012,0.18943980393870632
OMN,2013,0.18584690463168385
OMN,2014,0.1827594929396046
OMN,2015,0.18002979172159397
OMN,2016,0.18062276373047736
OMN,2017,0.181167252860423
OMN,2018,0.18166106901190504
OMN,2019,0.18211220546359083
OMN,2020,0.18252777542143492
OMN,2021,0.17680267030564775
PAK,2011,0.3506214987265896
PAK,2012,0.3417460023601113
PAK,2013,0.33426328737307254
PAK,2014,0.32793194172280066
PAK,2015,0.3225489849615563
PAK,2016,0.3196519171325575
PAK,2017,0.31714653382120794
PAK,2018,0.31505388916681004
PAK,2019,0.31330077546499213
PAK,2020,0.31182748386666553
PAK,2021,0.2955061750486742
PAN,2011,0.2600172109631347
PAN,2012,0.24829476947855247
PAN,2013,0.2387065924289341
PAN,2014,0.2307239400038292
PAN,2015,0.2239765235448675
PAN,2016,0.22115326483487208
PAN,2017,0.21853569618545146
PAN,2018,0.21609652936220267
PAN,2019,0.2138112163188135
PAN,2020,0.2116601635777386
PAN,2021,0.20622006690240155
PER,2011,0.2575747176303846
PER,2012,0.2506953508753616
PER,2013,0.24510079369121482
PER,2014,0.24058146426394839
PER,2015,0.2369532544552592
PER,2016,0.2373703810763786
PER,2017,0.2379992698245287
PER,2018,0.23871649461637343
PER,2019,0.23934568971439513
PER,2020,0.2397704456735676
PER,2021,0.23237643422792273
PHL,2011,0.3475266467830651
PHL,2012,0.33920204261215875
PHL,2013,0.33206760562864396
PHL,2014,0.3258012685724292
PHL,2015,0.32020314260618954
PHL,2016,0.31159810862030185
PHL,2017,0.30426178519842956
PHL,2018,0.2979657452837889
PHL,2019,0.29253857917205195
PHL,2020,0.28784524816914564
PHL,2021,0.28095496258377034
PNG,2011,0.16546762585518238
PNG,2012,0.16546762592451755
PNG,2013,0.16546762592344622
PNG,2014,0.16546762590125616
PNG,2015,0.16546762588312294
PNG,2016,0.16546762586959674
PNG,2017,0.1654676259471985
PNG,2018,0.1654676258675165
PNG,2019,0.16546762595115044
PNG,2020,0.16546762586316327
PNG,2021,0.16546762586941066
POL,2011,0.08204447767514289
POL,2012,0.07237373814360762
POL,2013,0.06891020410319156
POL,2014,0.0672783474514898
POL,2015,0.06553359869811627
POL,2016,0.0602134349309727
POL,2017,0.05750132467534239
POL,2018,0.05760841555467961
POL,2019,0.051600656446867885
POL,2020,0.042464842424817635
POL,2021,0.04987960001672833
PRI,2011,0.18494939123978235
PRI,2012,0.18321959365232882
PRI,2013,0.1816331147008869
PRI,2014,0.18011500318805518
PRI,2015,0.17869998113923852
PRI,2016,0.1795598611086705
PRI,2017,0.1804171320857205
PRI,2018,0.18115768691590686
PRI,2019,0.18235752129354849
PRI,2020,0.18394181959577502
PRI,2021,0.18548744218752822
PRT,2011,0.02525428300458536
PRT,2012,0.03018232819074334
PRT,2013,0.02365587621262191
PRT,2014,0.027207741372450876
PRT,2015,0.03269947632913049
PRT,2016,0.030399189354950534
PRT,2017,0.03220142487220575
PRT,2018,0.03481044517641418
PRT,2019,0.031906189650049536
PRT,2020,0.03902103425269319
PRT,2021,0.009004858505012647
PRY,2011,0.16546762586966143
PRY,2012,0.16546762588110617
PRY,2013,0.16546762594857073
PRY,2014,0.16546762588527736
PRY,2015,0.16546762592072023
PRY,2016,0.16546762586052713
PRY,2017,0.1654676259267439
PRY,2018,0.16546762590537253
PRY,2019,0.16546762589623998
PRY,2020,0.16546762590267297
PRY,2021,0.16546762585700056
PYF,2011,0.16546762584748498
PYF,2012,0.1654676259002651
PYF,2013,0.16546762593065353
PYF,2014,0.16546762590874264
PYF,2015,0.16546762588243152
PYF,2016,0.1654676259533902
PYF,2017,0.1654676258640093
PYF,2018,0.16546762584837044
PYF,2019,0.16546762592637485
PYF,2020,0.1654676258612696
PYF,2021,0.16546762585896202
QAT,2011,0.20486284064176266
QAT,2012,0.20357526437289236
QAT,2013,0.20258244828237604
QAT,2014,0.20179655787411574
QAT,2015,0.20116109427714202
QAT,2016,0.2011959997076097
QAT,2017,0.20120874486990464
QAT,2018,0.20120511716663592
QAT,2019,0.20119351647924716
QAT,2020,0.20118017770239732
QAT,2021,0.20071803640670074
ROU,2011,0.1355552895020399
ROU,2012,0.117650192408541
ROU,2013,0.10516371644559479
ROU,2014,0.09916449225499764
ROU,2015,0.09942188713983381
ROU,2016,0.08547003149793254
ROU,2017,0.07959002647225957
ROU,2018,0.07241623273323373
ROU,2019,0.07065605516607384
ROU,2020,0.21081970063250813
ROU,2021,0.20989434200836937
RUS,2011,0.36102699785318193
RUS,2012,0.35712335584487875
RUS,2013,0.3537317834454098
RUS,2014,0.35942908986883404
RUS,2015,0.35795343855387085
RUS,2016,0.3574465054801347
RUS,2017,0.36254749349365856
RUS,2018,0.36487793312555894
RUS,2019,0.3620561114053477
RUS,2020,0.3664750430264844
RUS,2021,0.203121802680032
RWA,2011,0.16546762591635908
RWA,2012,0.16546762593508577
RWA,2013,0.16546762589404937
RWA,2014,0.1654676259369872
RWA,2015,0.16546762592064013
RWA,2016,0.165467625890735
RWA,2017,0.1654676258790863
RWA,2018,0.16546762591633193
RWA,2019,0.16546762593290051
RWA,2020,0.16546762592803507
RWA,2021,0.16546762587763927
SAU,2011,0.19813407869219815
SAU,2012,0.19745048894085995
SAU,2013,0.19684407453377684
SAU,2014,0.19630371631860188
SAU,2015,0.19582061523253763
SAU,2016,0.1943130592591116
SAU,2017,0.19484537683282602
SAU,2018,0.1953171279315262
SAU,2019,0.19574866859655463
SAU,2020,0.19615667821417168
SAU,2021,0.1962685885750292
SDN,2011,0.16546762586486943
SDN,2012,0.1654676259169772
SDN,2013,0.16546762589049968
SDN,2014,0.16546762593228617
SDN,2015,0.16546762592938705
SDN,2016,0.16546762586204083
SDN,2017,0.16546762588888184
SDN,2018,0.1654676258663966
SDN,2019,0.16546762586762834
SDN,2020,0.16546762592042152
SDN,2021,0.16546762589844
SEN,2011,0.16546762590612749
SEN,2012,0.16546762593093006
SEN,2013,0.16546762584285932
SEN,2014,0.16546762584812208
SEN,2015,0.1654676258766878
SEN,2016,0.16546762586938465
SEN,2017,0.16546762588660432
SEN,2018,0.16546762596597536
SEN,2019,0.16546762584438862
SEN,2020,0.16546762588003644
SEN,2021,0.1654676258637083
SGP,2011,0.2082807685187272
SGP,2012,0.2072249146842368
SGP,2013,0.20617066315345856
SGP,2014,0.20524601138260806
SGP,2015,0.20446218141081243
SGP,2016,0.20417505798298885
SGP,2017,0.2037454607703705
SGP,2018,0.20340473273273438
SGP,2019,0.20317055779529683
SGP,2020,0.20279571640664
SGP,2021,0.20256975414707154
SLB,2011,0.16546762583339283
SLB,2012,0.16546762589263914
SLB,2013,0.16546762586341274
SLB,2014,0.16546762592923558
SLB,2015,0.1654676259316196
SLB,2016,0.16546762588186784
SLB,2017,0.16546762590766428
SLB,2018,0.16546762590167585
SLB,2019,0.16546762588223732
SLB,2020,0.1654676258536786
SLB,2021,0.16546762591042447
SLE,2011,0.16546762589032074
SLE,2012,0.1654676258940555
SLE,2013,0.16546762590115627
SLE,2014,0.16546762586715008
SLE,2015,0.1654676258843297
SLE,2016,0.16546762588090858
SLE,2017,0.16546762589698938
SLE,2018,0.1654676259158704
SLE,2019,0.16546762591101244
SLE,2020,0.16546762589243857
SLE,2021,0.16546762587174432
SLV,2011,0.1654676259067742
SLV,2012,0.16546762587887012
SLV,2013,0.16546762586896827
SLV,2014,0.16546762589732514
SLV,2015,0.16546762589225406
SLV,2016,0.165467625890309
SLV,2017,0.16546762587431854
SLV,2018,0.16546762589640435
SLV,2019,0.1654676259152643
SLV,2020,0.165467625875609
SLV,2021,0.16546762589928057
SOM,2011,0.1654676259504673
SOM,2012,0.16546762592966044
SOM,2013,0.16546762593603545
SOM,2014,0.16546762585854935
SOM,2015,0.16546762588435177
SOM,2016,0.16546762593150802
SOM,2017,0.16546762586674807
SOM,2018,0.16546762585964483
SOM,2019,0.1654676258354808
SOM,2020,0.16546762585437774
SOM,2021,0.16546762592815115
SRB,2011,0.2550771730300569
SRB,2012,0.21147251773726697
SRB,2013,0.20571677524319099
SRB,2014,0.19974330178084387
SRB,2015,0.2060665275125461
SRB,2016,0.16626496290411624
SRB,2017,0.16115040214083018
SRB,2018,0.13613261179345956
SRB,2019,0.1071206238047077
SRB,2020,0.10842921707552941
SRB,2021,0.0884042355451519
STP,2011,0.1654676258610375
STP,2012,0.1654676259059642
STP,2013,0.16546762590874947
STP,2014,0.16546762585648297
STP,2015,0.1654676258870256
STP,2016,0.1654676259119083
STP,2017,0.16546762589714475
STP,2018,0.16546762595927558
STP,2019,0.16546762593894115
STP,2020,0.16546762592138903
STP,2021,0.1654676258978884
SUR,2011,0.16546762586374889
SUR,2012,0.16546762586653346
SUR,2013,0.16546762595603245
SUR,2014,0.16546762584942803
SUR,2015,0.16546762593089617
SUR,2016,0.16546762586010094
SUR,2017,0.1654676259514909
SUR,2018,0.16546762585013322
SUR,2019,0.16546762590337866
SUR,2020,0.1654676258648358
SUR,2021,0.1654676258480002
SVN,2011,0.27518629349292967
SVN,2012,0.2836427246049846
SVN,2013,0.29039014248150186
SVN,2014,0.2895263321029051
SVN,2015,0.2907138679219007
SVN,2016,0.2918633062221776
SVN,2017,0.2997130282822025
SVN,2018,0.302357934034198
SVN,2019,0.3028256863934445
SVN,2020,0.29354037267080746
SVN,2021,0.29003131186737396
SWE,2011,0.17944625823157911
SWE,2012,0.16573684210526315
SWE,2013,0.1578068089461485
SWE,2014,0.1599194995757207
SWE,2015,0.15726941575236422
SWE,2016,0.15832823841750457
SWE,2017,0.16233215963767472
SWE,2018,0.16264243042459492
SWE,2019,0.1616821636719387
SWE,2020,0.15970942658042928
SWE,2021,0.1556329807975814
SWZ,2011,0.16546762586710195
SWZ,2012,0.16546762591295294
SWZ,2013,0.1654676259235205
SWZ,2014,0.16546762586548966
SWZ,2015,0.16546762591733127
SWZ,2016,0.1654676259480062
SWZ,2017,0.1654676258624737
SWZ,2018,0.16546762585156805
SWZ,2019,0.16546762592687425
SWZ,2020,0.16546762591496805
SWZ,2021,0.16546762591119468
SYR,2011,0.22640918039663396
SYR,2012,0.27900002500657883
SYR,2013,0.25522108227566026
SYR,2014,0.23874388843406028
SYR,2015,0.2326512627433853
SYR,2016,0.22516935413591596
SYR,2017,0.2197805087668156
SYR,2018,0.21628408150777512
SYR,2019,0.21463141751806522
SYR,2020,0.2148230201776574
SYR,2021,0.22656317625906994
TCD,2011,0.16546762587852862
TCD,2012,0.16546762592001676
TCD,2013,0.165467625933016
TCD,2014,0.16546762591999703
TCD,2015,0.16546762588804237
TCD,2016,0.16546762586973845
TCD,2017,0.16546762595333933
TCD,2018,0.16546762593260939
TCD,2019,0.16546762585620117
TCD,2020,0.16546762592721012
TCD,2021,0.16546762592322284
TGO,2011,0.165467625897412
TGO,2012,0.16546762585984434
TGO,2013,0.16546762586527708
TGO,2014,0.16546762594943348
TGO,2015,0.16546762588387398
TGO,2016,0.16546762594033967
TGO,2017,0.16546762592306427
TGO,2018,0.16546762588715405
TGO,2019,0.16546762588259395
TGO,2020,0.16546762590654118
TGO,2021,0.16546762585723818
THA,2011,0.21226595864233258
THA,2012,0.21144525282222323
THA,2013,0.2106996097043201
THA,2014,0.21001606811117163
THA,2015,0.20938221102901253
THA,2016,0.20934158330504465
THA,2017,0.20929286799018829
THA,2018,0.20923376615127134
THA,2019,0.20916001591654873
THA,2020,0.2090719957825419
THA,2021,0.21068444656101215
TJK,2011,0.1654676258572736
TJK,2012,0.16546762585213093
TJK,2013,0.16546762585295374
TJK,2014,0.16546762588100203
TJK,2015,0.16546762589718197
TJK,2016,0.16546762591127637
TJK,2017,0.16546762589412056
TJK,2018,0.16546762591939262
TJK,2019,0.16546762592165612
TJK,2020,0.165467625869821
TJK,2021,0.1654676258427291
TKM,2011,0.23485670886936244
TKM,2012,0.2351887119317439
TKM,2013,0.2355123703169202
TKM,2014,0.2752456147627617
TKM,2015,0.263503715270877
TKM,2016,0.2517917407592463
TKM,2017,0.2421475962800455
TKM,2018,0.23406691487999193
TKM,2019,0.2271983887074463
TKM,2020,0.2212864393406508
TKM,2021,0.21295130094656245
TLS,2011,0.16546762592450423
TLS,2012,0.16546762592904013
TLS,2013,0.16546762591642725
TLS,2014,0.16546762585656352
TLS,2015,0.16546762586917246
TLS,2016,0.16546762595006578
TLS,2017,0.16546762590030037
TLS,2018,0.16546762587646527
TLS,2019,0.16546762586355923
TLS,2020,0.16546762592415665
TLS,2021,0.16546762592770747
TON,2011,0.16546762592200304
TON,2012,0.16546762593068315
TON,2013,0.16546762587656183
TON,2014,0.16546762589475564
TON,2015,0.16546762583999944
TON,2016,0.165467625844157
TON,2017,0.1654676259400908
TON,2018,0.16546762585043928
TON,2019,0.16546762586789024
TON,2020,0.16546762586475236
TON,2021,0.16546762591774442
TTO,2011,0.24441897144832284
TTO,2012,0.23843809200603874
TTO,2013,0.23312324969647083
TTO,2014,0.22836464230054349
TTO,2015,0.2240763400066958
TTO,2016,0.22561419713492134
TTO,2017,0.2272095316636426
TTO,2018,0.22886587335308117
TTO,2019,0.23058743323308206
TTO,2020,0.23237864435935235
TTO,2021,0.23042506843831212
TUN,2011,0.2202601471368526
TUN,2012,0.21213260246731822
TUN,2013,0.2055346261620149
TUN,2014,0.20009116003755084
TUN,2015,0.19553816082429815
TUN,2016,0.19527984245535132
TUN,2017,0.19505563101808931
TUN,2018,0.1948522872482345
TUN,2019,0.1946500646705414
TUN,2020,0.19443420285565327
TUN,2021,0.19133407699055652
TUR,2011,0.02384944844193271
TUR,2012,0.022937583043091993
TUR,2013,0.021722526164400867
TUR,2014,0.022813832883727833
TUR,2015,0.018079099945973284
TUR,2016,0.019449197914477568
TUR,2017,0.02068116549914264
TUR,2018,0.0234116146058204
TUR,2019,0.023103761921443755
TUR,2020,0.023683863103955396
TUR,2021,0.021809712317549412
UGA,2011,0.16546762594648404
UGA,2012,0.16546762592219869
UGA,2013,0.1654676258454566
UGA,2014,0.16546762592565287
UGA,2015,0.16546762592785474
UGA,2016,0.16546762591240138
UGA,2017,0.16546762592273573
UGA,2018,0.16546762590610484
UGA,2019,0.16546762586826597
UGA,2020,0.1654676259501167
UGA,2021,0.16546762596206416
UKR,2011,0.3923166641194971
UKR,2012,0.3933144387804906
UKR,2013,0.3253343681357269
UKR,2014,0.3234280687235274
UKR,2015,0.32038329198349197
UKR,2016,0.3120212593437936
UKR,2017,0.30889047262976893
UKR,2018,0.29560362427911824
UKR,2019,0.3013063570634801
UKR,2020,0.29778729298225476
UKR,2021,0.255518086251132
URY,2011,0.24917353192888342
URY,2012,0.2774640828366306
URY,2013,0.2668203909692901
URY,2014,0.25773768856223356
URY,2015,0.2498967674136912
URY,2016,0.2480977841512396
URY,2017,0.24636423734279106
URY,2018,0.24468819805889852
URY,2019,0.24305961043103927
URY,2020,0.241470813731874
URY,2021,0.2366954014582757
USA,2011,0.2207010828017961
USA,2012,0.21220204445547536
USA,2013,0.20576116527103275
USA,2014,0.21408776978891395
USA,2015,0.204989340621612
USA,2016,0.19092750021992178
USA,2017,0.19885695833473022
USA,2018,0.19024170444870156
USA,2019,0.15417293430759016
USA,2020,0.13743678192027975
USA,2021,0.19715999601177495
UZB,2011,0.3838242025281172
UZB,2012,0.3795579765552125
UZB,2013,0.3756083454297884
UZB,2014,0.369596155234472
UZB,2015,0.3623682830827878
UZB,2016,0.3575123289786319
UZB,2017,0.3543182371387511
UZB,2018,0.34656517104950113
UZB,2019,0.3421206199166036
UZB,2020,0.33994553722938886
UZB,2021,0.4231666322797288
VNM,2011,0.27783044023884806
VNM,2012,0.27013355018512947
VNM,2013,0.2640881548734165
VNM,2014,0.2592478416800681
VNM,2015,0.2552965157557529
VNM,2016,0.250185276908082
VNM,2017,0.24602608618612906
VNM,2018,0.2425758025249827
VNM,2019,0.23965862180043235
VNM,2020,0.2371509632832563
VNM,2021,0.2321286958876044
VUT,2011,0.16546762585853694
VUT,2012,0.16546762586932737
VUT,2013,0.16546762592296246
VUT,2014,0.16546762586030903
VUT,2015,0.1654676259337317
VUT,2016,0.16546762595878325
VUT,2017,0.1654676259239643
VUT,2018,0.1654676259229497
VUT,2019,0.16546762591456785
VUT,2020,0.1654676258714704
VUT,2021,0.16546762588326178
WSM,2011,0.16546762589125752
WSM,2012,0.16546762587318736
WSM,2013,0.16546762594214684
WSM,2014,0.16546762585328836
WSM,2015,0.16546762586619804
WSM,2016,0.1654676258777184
WSM,2017,0.16546762589928057
WSM,2018,0.1654676258432629
WSM,2019,0.16546762586344255
WSM,2020,0.16546762585404803
WSM,2021,0.16546762593373016
ZAF,2011,0.22699186986538358
ZAF,2012,0.2255867916029246
ZAF,2013,0.22437646259480803
ZAF,2014,0.22330466326097959
ZAF,2015,0.22232796470397628
ZAF,2016,0.22403758692817113
ZAF,2017,0.22575138533428213
ZAF,2018,0.22746823979635689
ZAF,2019,0.22919043164261055
ZAF,2020,0.23092081449910382
ZAF,2021,0.22493544192714124
ZMB,2011,0.1654676259084911
ZMB,2012,0.1654676258866308
ZMB,2013,0.16546762585301697
ZMB,2014,0.16546762591690828
ZMB,2015,0.16546762592149097
ZMB,2016,0.16546762584868452
ZMB,2017,0.16546762591484243
ZMB,2018,0.16546762583565872
ZMB,2019,0.16546762595478232
ZMB,2020,0.16546762595013664
ZMB,2021,0.1654676259252879
ZWE,2011,0.16546762588941366
ZWE,2012,0.1654676259104035
ZWE,2013,0.16546762589330036
ZWE,2014,0.16546762584776825
ZWE,2015,0.165467625852489
ZWE,2016,0.1654676258675233
ZWE,2017,0.16546762588094027
ZWE,2018,0.16546762591882852
ZWE,2019,0.1654676258648469
ZWE,2020,0.1654676259189406
ZWE,2021,0.16546762584067964
